{
    "train": {
        "loss": 0.02682173252105713
    },
    "eval": {
        "loss": 0.017473183572292328
    },
    "dice_multi": 0.9221521576115044,
    "step": 8
}