{
    "train": {
        "loss": 0.026736805215477943
    },
    "eval": {
        "loss": 0.01636170968413353
    },
    "dice_multi": 0.9223978693989856,
    "step": 8
}