{
    "train": {
        "loss": 0.026245594024658203
    },
    "eval": {
        "loss": 0.016719045117497444
    },
    "dice_multi": 0.9256025441424072,
    "step": 8
}