{
    "avg_prec": {
        "train": 0.9455735164881864,
        "test": 0.9178281036762778
    },
    "roc_auc": {
        "train": 0.9695732406210347,
        "test": 0.940702713104606
    }
}
