{
    "avg_prec": {
        "train": 0.9334469127494697,
        "test": 0.9158265729235988
    },
    "roc_auc": {
        "train": 0.9619346509971511,
        "test": 0.9397874866106827
    }
}
