step	loss
0	0.2612248361110687
1	0.06836695969104767
2	0.05195513367652893
3	0.04309490695595741
4	0.03700287640094757
5	0.033378779888153076
6	0.03050074353814125
7	0.028099656105041504
8	0.026245594024658203
