step	loss
0	0.24582308530807495
1	0.07116630673408508
2	0.051727309823036194
3	0.04480213671922684
4	0.038761161267757416
5	0.03467715159058571
6	0.03136882185935974
7	0.028723280876874924
8	0.026736805215477943
