step	loss
0	0.1506652981042862
1	0.045133937150239944
2	0.046013958752155304
3	0.02333974465727806
4	0.021250247955322266
5	0.019702473655343056
6	0.016441522166132927
7	0.016496745869517326
8	0.01636170968413353
