step	loss
0	0.11916469037532806
1	0.04129882529377937
2	0.05073612183332443
3	0.02030130848288536
4	0.021202942356467247
5	0.020899280905723572
6	0.01629536971449852
7	0.016848865896463394
8	0.016719045117497444
