step	loss
0	0.09289678186178207
1	0.05017674341797829
2	0.05615020915865898
3	0.02160845696926117
4	0.02551150694489479
5	0.019250554963946342
6	0.016585450619459152
7	0.017558345571160316
8	0.017473183572292328
