step	dice_multi
0	0.4948749993118218
1	0.4948749993118218
2	0.8456713948315147
3	0.9058031110097186
4	0.8965195989498749
5	0.916800990862981
6	0.9276139103698459
7	0.9223673652875846
8	0.9223978693989856
