step	dice_multi
0	0.4948749993118218
1	0.4948749993118218
2	0.8584888061661223
3	0.9169062110150141
4	0.9052600098212433
5	0.9143071247672356
6	0.9266573313263295
7	0.9243428659720048
8	0.9256025441424072
